b_Zunhua,遵化
b_Zuining_Hamibu,哈迷
b_Zouyucheng,驺虞
b_Zouxian,邹
b_Zouping,邹平
b_Zizhouqixian,郪
b_Zizhou_Zichuan,淄川
b_Zizhou_Panshi,磐石
b_Ziwugudao2,子午道
b_Ziwugudao1,子午道
b_Ziwuguan,子午关
b_Ziwugu3,子午道
b_Zitong,梓潼
b_Zijiang_Longdong,梓姜
b_Zigui,秭归
b_Zigong,自贡
b_Zhuyang,朱阳
b_Zhuolu_Yongxing,涿鹿
b_Zhuji,诸暨
b_ZhugeTemple,武侯祠
b_Zhouzhi,周至
b_Zhongzhou_Linjiang,临江
b_Zhongnanshan,辋川
b_Zhongmu,中牟
b_zhongliuqiu,中琉虬
b_Zhongchengzhou_Duolizhou,多利
b_Zhiluo,直罗
b_Zhijiang_Songzi,枝江
b_Zhenzhou_Zhuyajun,振州
b_Zhenzhou_Ligao,丽皋
b_Zhenxiang,真乡
b_Zhengzhou_Yalu,正州
b_Zhengzhou_Guancheng,管城
b_Zhengping,正平
b_ZhaozhouPingji,平棘
b_Zhaozhou_Pingle,平乐
b_Zhaoyi_Dingyuan,招义
b_Zhaocheng_Xinxian,朝城
b_Zhangzhou_Zhangpu,漳浦
b_Zhangxian_Weizhou,鄣
b_Zezhou,金城
b_Zengcheng,增城
b_Zaoyang,枣阳
b_Zaluo_Longyan,杂罗
b_Yuzhou_Ruyang,汝阳
b_Yuzhou_Donghai,郁洲
b_Yuzhou_Baxian,巴
b_Yuyao,余姚
b_Yuyang,渔阳
b_Yutian_Jizhou,玉田
b_Yushibu,于矢
b_Yushe,榆社
b_Yuqian,于潜
b_Yunzhou_Xuchang,须昌
b_Yunxiang,郧乡
b_Yunnandan,云南
b_Yunmeng,云梦
b_Yuning_Wuning,武宁
b_Yuncheng,郓城
b_Yunaan,云阳
b_Yulinzhou,郁林
b_Yuguan_Shanhaiguan,渝关
b_Yuezhou_Kuaiji,会稽
b_Yueliji_Huligai,越里吉
b_Yuelidu,越里笃
b_Yuechang,越裳
b_Yudu_Ruijin,雩都
b_Yuci,榆次
b_Yuanzhou,平高
b_Yuanyangpo,鸳鸯泊
b_Yuanxian,垣
b_Yuanshan,猿山
b_Yuanling_Chenzhou,沅陵
b_Yuanan,远安
b_YouzhouJixian,蓟
b_Youyang_Sizhou,酉阳
b_Youxi,尤溪
b_Youchuan,祐川
b_yosn,清海镇
b_YongzhouChangning,长宁
b_Yongzhou_Nanning,邕州
b_Yongzhou_Lingling,零陵
b_Yongxing_Ezhou,永兴
b_Yongxin,永新
b_Yongshou,永寿
b_Yongqiu,雍丘
b_Yongnu,雍奴
b_Yongmingcheng_Haishenwai,永明
b_Yongling_Viet,永灵
b_yongju,荣州
b_Yongjixian,永济
b_Yonghe,永和
b_yonggang,龙冈
b_Yongfu_Dingli,永福
b_Yongfeng,永丰
b_Yongcheng_Mapu,永城
b_Yongchangfu_Baoshan,永昌
b_Yonganshan,永安山
b_Yongan_Jiangsheng,永安
b_YizhouDongpingfu,东平
b_Yizhou_Yanjun,宜州
b_Yizhou_Suiyang,绥阳
b_Yizhou_Linyi,临沂
b_Yizhou,易州
b_Yizheng_Qiongzhou,依政
b_Yiyang_Tanzhou,益阳
b_Yiyang_Guixi,龙虎山
b_Yixian,黟
b_Yiwulvshan_Xianzhou,医巫闾山
b_Yiwu,义乌
b_Yishi,猗氏
b_Yique,伊阙
b_Yiquan_Meitan,湄潭
b_Yinzhou,儒林
b_Yinshengfu_Kainan,银生
b_Yinshanguan_Macheng,白沙关
b_Yinpan,阴盘
b_YingzhouHejian,河间
b_Yingzhou_Ruyin,汝阴
b_Yingzhou_Dushang,都尚
b_Yingzhou_Bohai,郢州
b_Yingzhou,锦城
b_Yingshang,颍上
b_Yingde_Zhenyang,英德
b_Yingdao_Daozhou,营道
b_Yincheng_Gushi,固始
b_Yincheng,银城
b_YimiRiver,移米
b_Yiling_Xiazhou,夷陵
b_YikunzhouGuangyi,广义
b_Yihuang,宜黄
b_Yifang,宜芳
b_Yidu_chu,宜都
b_Yidianbu,乙典
b_Yichun_Yuanzhou,宜春
b_Yexian_ruzhou,叶
b_Yexian,邺
b_Yelang_Yezhou,夜郎
b_Yelang_Leyuan,乐源
b_Yelaishan,夜来山
b_Yazhou_Yandao,严道
b_Yazhou_Shecheng,崖州
b_Yashan_Xiangshan,崖山
b_Yarsa_Zhudun,珠敦
b_Yaoguling,腰鼓岭
b_Yaogu,崤谷
b_Yanzicheng,燕子川
b_YanzhouWuyuan,五原
b_YanzhouLonghe,龙河
b_Yanzhou_Zhongyi,演州
b_Yanzhou_Xiaqiu,瑕丘
b_Yanzhou_Fushi,肤施
b_Yanyuan_Longxingjiang,岩渊
b_Yanting,盐亭
b_Yanshi_Heyang,偃师
b_Yanmen,雁门
b_Yanling,鄢陵
b_Yangzhou_Xixiang,西乡
b_Yangzhou_Jiangdu,江都
b_Yangwu,阳武
b_Yangshuo_Lipu,阳朔
b_yangsan,庆州
b_Yangqu,阳曲
b_Yangdi_Yuxian,阳翟
b_Yangchuan_Ningyi,洋川
b_Yangcheng,阳城
b_Yanfu,延福
b_Yanchuan_AnlongCeheng,琰川
b_Yanchuan,延川
b_Yancheng_Linying,郾城
b_Yancheng,盐城
b_YanAn,延安
b_Yalan_Dingli,牙兰
b_Yaksa,雅克萨
b_Xuzhou_Pengcheng,彭城
b_Xuyi,盱眙
b_Xunzhou_Nanpingzhou,勋州
b_Xunzhou_Guiping,桂平
b_Xunyang_Jiangzhou,浔阳
b_Xunyang,洵阳
b_Xujiang_Jianglangshan,须江
b_Xuchang,许昌
b_XuanzhouFanyang,范阳
b_Xuanzhou_Xuancheng,宣城
b_Xuande_monan,宣德
b_XizhouNengzhou,淅州
b_Xizhou_Yachihe,鸭池河
b_Xizhou_Daxiang,大乡
b_Xiwangfu_Raole_Dading,奚王
b_Xiurong,秀容
b_XitianTuluoguo_Jianzhou,希田
b_XinzhouWuchang,武昌
b_Xinzheng,新郑
b_Xinyu_Yuanzhou,新渝
b_Xinye,新野
b_Xinxing_Fulin,新兴
b_Xinhui_Jiangmen,新会
b_XingzhouShunzheng,顺政
b_XingzhouShengji,盛吉
b_XingzhouLonggang,龙冈
b_Xingyang,荥阳
b_Xingning,兴宁
b_XinghuaBeian,兴化
b_Xingdao,兴道
b_Xingan_Qingjiang,新淦
b_Xinfengchuan_Kuilunongchuan,夔鹿弄川
b_Xindu,新都
b_Xincheng_Yanjinzhou,延津
b_Xincai,新蔡
b_Xilin_Tuoniangjiang,西林
b_Xilamulin,锡拉木林
b_Xiexian,解
b_Xiele_Mangshi,芒施
b_XiEbu,嶍峨
b_Xichuan,隰川
b_Xicheng,隰城
b_Xiaxian,夏
b_Xiapi,下邳
b_Xiaoguan,萧关
b_Xianzhou_Dongmou,东谋
b_Xianyang,咸阳
b_Xiangzhou_Laibin,来宾
b_Xiangzhou_Huanglong,祥州
b_Xiangzhou_Anyang,安阳
b_Xiangyuan,襄垣
b_Xiangyin,湘阴
b_Xiangyi_Zhecheng,襄邑
b_Xiangyang,襄阳
b_Xiangxiang,湘乡
b_Xiangshan_Ninghai,象山
b_Xiangru,相如
b_Xiangping,襄平
b_Xiangchengjun_Huijuchuan,香城
b_Xiangcheng_Wuyang,襄城
b_Xiangcheng,项城
b_Xiangbai_Qixian,香柏
b_Xiandefu,显德
b_Xiagui,下邽
b_Xiacai,下蔡
b_Xanado,金莲川
b_Wuzhou_jin,武周
b_Wuzhou_Cangwu,苍梧
b_Wuzhou_Aimin,爱民
b_Wuzhi,武陟
b_Wuyuan_Huizhou,婺源
b_Wuxiu,武休
b_Wuxi,无锡
b_Wuweiyujue,乌隈
b_Wuwei_Ruxukou,濡须
b_Wuwan_udgur,乌丸
b_Wutaishan,五台山
b_Wushiling,雾湿岭
b_Wushan,巫山
b_Wusabu,乌撒
b_Wurenguan,乌仁关
b_Wurecheng,兀惹
b_Wuming_Wandezhou,万德
b_Wumengbu,乌蒙
b_wuluohou_xingguo,乌罗护
b_WuluhuiRiver_Tuershan,兔儿山
b_wuluhai,丰州
b_Wulong,武隆
b_Wuling,武陵
b_Wulan,乌兰
b_Wuji,无极
b_Wugucheng,乌骨
b_Wuguan,武关
b_Wugong,武功
b_Wugang_Chengbu,城步
b_WuEzhou,武峨
b_Wudu,武都
b_Wudingzhou,武定
b_Wudi_Cangzhou,无棣
b_Wudengbu_Qiongbu,勿邓
b_Wudangshan,武当山
b_Wudang,武当
b_Wucheng_Beizhou,武城
b_Wuchang_Fangang,武昌
b_WuAnzhou,武安
b_Woyepo,沃野泊
b_wonsan,元山
b_wonju,原州
b_Wohuo_Hongte,斡豁泓忒
b_WestSurrended,西受降城
b_Wenzhou_Yongjia,永嘉
b_Wenzhou_qushui,曲水
b_Wenyang_Beishan,文阳
b_Wenxi,闻喜
b_Wengyuan_Lingchishan,翁源
b_Wengshan,普陀
b_Wendeng,文登
b_Wende_Guihuazhou,文德
b_Wenchi,温池
b_Wencheng,文城
b_Weizhouxiangwu,襄武
b_WeizhouJixian,汲
b_WeizhouHuaide,怀德
b_Weizhou_Yuancheng,元城
b_Weiyuan_Liuzhuihe,威远
b_Weiyuan,渭源
b_Weishi,尉氏
b_Weiruhe,蔚如水
b_Weinan,渭南
b_weili,蔚礼
b_WeihuaShikubao,威化
b_Wanzhou_Nanpu,南浦
b_Wanxiang_Mengzhang,文单
b_Wanxiang_Changzhou_Wenyang,长州
b_Wannian,万年
b_Wankou_Aniqing,皖口
b_Wangwu,王屋
b_WangjiRiver,汪吉
b_Wangcang_Zhenxi,望苍
b_Wang_Wa,望
b_Wandushancheng,丸都山城
b_Wandulu,完都鲁
b_Wananzhou_Lingshui,万安州
b_Wanan_Tongren,万安
b_Waiyu_Wa,外喻
b_UrjaRiver,乌尔扎
b_ulchin,蔚珍
b_UlanNor,乌兰淖尔
b_Ulanmulun,乌兰木伦
b_Ulanbutom,乌兰布统
b_Ulabayan,乌拉巴彦
b_uiju,义州
b_Udege_Wure,兀的改
b_Tuozhou,沱州
b_Tuonan,拓南
b_Tunliu,屯留
b_TulvbuShiwei,突吕不
b_Tulonggu_Aswen,徒笼古
b_Tongzi_xiaoBozhou,桐梓
b_TongzhouPingyi,冯翊
b_TongzhouHeyang,郃阳
b_Tongzhou_Tongchuan,通川
b_Tongzhou_Bohai,铜州
b_Tongwan,统万城
b_Tongliang,铜梁
b_Tonghaifu_Qujiangguan,通海
b_tonghae,东海
b_Tongguan_Tongling,铜官
b_Tongguan,潼关
b_Tonggu,同谷
b_Tongdao_Wuzhou,通道
b_Tongbai,桐柏
b_Tongan_Tongcheng,桐城
b_Tingzhou_Changting,长汀
b_Tihuquan,鹈鹕泉
b_TiezhouWeicheng,位城
b_Tielifu,铁骊
b_Tianzhou_Baise,田州
b_Tiantaishan_Tangxing,天台山
b_TianlongshanCave,天龙山
b_Tianjing_Lianchi,天睛
b_TianE_Luanzhou,鸾州
b_Tiandejun,天德军
b_tenju,定州
b_Tengzhou_Tanjin,镡津
b_Tengxian,滕
b_Tengchong_Ruanhuafu,软化
b_Temo_Xichou_Funing,西畴
b_Temo_Guangnan,广南
b_Telegur,特勒古尔
b_Tarqan,达尔罕
b_TarLake,塔尔池
b_Taran,塔懒
b_Taqu_Nakongpainong,他曲
b_Taoyuan,桃花源
b_TaowenRiver,陶温
b_TanzhouMiyun,密云
b_Tanyuan,顿丘
b_TangzhouRiluo,日落
b_TangzhouLingfeng,灵峰
b_Tangzhou_Tangquan,汤泉
b_Tangzhou_Miyang,泌阳
b_Tangyi_Bozhou,堂邑
b_Tangxing_Pucheng,浦城
b_Tanglinzhou_Anyuan,唐林
b_Tangfengchuan_Shengxiang,唐封川
b_TaluRiver,他鲁河
b_Taizhou_Linhai,临海
b_Taizhou_Lekang,乐康
b_Taiyuan,太原
b_Taishan_Qianfeng,泰山
b_Taiqinggong,太清宫
b_Taikang,太康
b_Taihe_Suichuan,太和
b_Taigu,太谷
b_Suzhou_Wuxian,苏州
b_suwon,水原
b_Susuhai,苏素海
b_SushenTemple,肃慎
b_Sumozhou,涑州
b_Sumaozhou,苏茂
b_SuizhouShanhe,山河
b_Suizhoufangyi,方义
b_Suizhou,隋州
b_Suining,遂宁
b_Suide,绥德
b_Suicheng_Yi,遂城
b_sosan,端山
b_Songwaicheng,松外
b_Songtao_Huayuan,松桃
b_Songshan_Dengfeng,嵩山
b_Songshan_Chifeng,松山
b_Songlingguan,松岭关
b_Songcheng,宋城
b_sogcho,束草
b_Sizhou_Wuchuan,务川
b_Sizhou_Linhuai,临淮
b_Siyanzhou,思晏
b_Sitong_Zuozhou,思同
b_Sishuiguan,虎牢关
b_Simingzhou_Shixizhou,思明
b_SiEzhou,思峨
b_Sicheng_Guilezhou,归乐
b_SiberTemple,鲜卑石室
b_Shuzhou_Jinyuan,金源
b_Shuzhou_Huaining,怀宁
b_Shuyang,沭阳
b_Shuxian_Yizhou,蜀
b_Shuozhou,山阳
b_Shunzhou_Qushui,曲水
b_Shunhuawang,顺化
b_Shunhuadu,顺化渡
b_Shunhua_Viet,顺化
b_Shulan_Nalihun,纳里浑
b_Shucheng,舒城
b_Shuangliu,双流
b_Shuaibinfu_Huazhou,速频
b_Shuai_Hailun,帅
b_Shouyang,寿阳
b_Shouchun,寿春
b_Shouan_Fuchang,寿安
b_Shizong_Milubu,师宗
b_Shishou,石首
b_Shisangjun_Chuxiong,石桑
b_Shimutnor,昔木土脑儿
b_Shimen_Pushui,石门
b_Shicheng_Tangmadun,汤麻顿
b_Shicheng_Shirenzhu,石城
b_Shicheng_Qianzhou,石城
b_Shibaochi,失宝赤
b_Shiai,石艾
b_Shezhou_Shexian,歙
b_Shexian,涉
b_ShenzhouLuze,陆泽
b_Shenzhou_Yiyang,义阳
b_Shenwu,神武
b_Shenlu_Yalufu,神鹿
b_Shengzhou,胜州
b_Shengshi_Lihu,离狐
b_Shehong,射洪
b_SheenzhouLejiao,沈州
b_Shazhiguan,沙只
b_Shaxian_Sanming,沙
b_Shat,夏塔
b_Shaozhou_Shaoyang,邵阳
b_Shaozhou_Qujiang,曲江
b_Shaowu_Jiangle,邵武
b_Shanxian_Shanzhou,陕
b_Shanxian_CaoEjiang,剡
b_Shangzhou_Shangluo,商洛
b_Shangyong,上庸
b_Shangxian,商
b_Shangsizhou_Rangzhou,上思
b_Shangrao,上饶
b_Shangpingjin,上平津
b_Shangma,上马
b_Shangjing_Linhuang,迭剌
b_Shanggui,上邽
b_Shangdang,上党
b_Shangcai,上蔡
b_Shanchanfu_Tuodong,善阐
b_Shanbei_Nomin,山北
b_Shalantu,沙兰秃
b_SeokguramGrotto,石佛
b_sariwon,沙里院
b_Sanquan,三泉
b_sanju,尚州
b_SangriLa,香格里拉
b_Sangchuan_Moutong,谋统
b_SanChanshui_Hongkuan,三谗水
b_Salianchuan,萨里川
b_saki,先岛
b_sakachu,朔州
b_sachon,丽水
b_ryukyu,阿儿奈波
b_Ruzhou,梁
b_Ruzhe,如者
b_Ruluo_Yongle,汝罗
b_Ruicheng,芮城
b_Rucheng_Luyang,汝城
b_Roufu,柔服
b_RongzhouYibin,宜宾
b_RongzhouXuchuan,旭川
b_Rongzhou_Rongshui,融水
b_Rongzhou_Beiliu,北流
b_Rongyi_Fuhuan_Qinzhou,荣懿
b_Rinan,日南
b_RaozhouChangle,长乐
b_Raozhou_Poyang,鄱阳
b_Raoyang,饶阳
b_Quzhou_Xinan,信安
b_Quzhou_Liujiang,流江
b_Quxuewur,曲薛兀儿泽
b_Quwo,曲沃
b_Qujiang_Balimaili,拔里迈
b_Qufu,曲阜
b_Quanzhou_Jinjiang,晋江
b_Qizhou_Licheng,历城
b_Qixibu,七溪
b_Qiuzhou_Longhe,求州
b_Qiupu,秋浦
b_Qishui,淇水
b_Qishan,岐山
b_Qionglaiguan,邛崃关
b_Qiongdongzhou,邛冻
b_Qinzhou_Qinjiang,钦江
b_Qinyuan,沁源
b_Qinlingxian,秦岭
b_QingzhouXuande,玄德
b_QingzhouAnhua,安化
b_Qingzhou_Zhuangzhou_Wangmo,卿州
b_Qingzhou_Yidu,益都
b_Qingyuan_mo,清苑
b_Qingyuan,清远
b_Qingxiguan,清溪关
b_Qingtian,青田
b_Qingshui,清水
b_Qingsaijun,清塞军
b_Qingchengshan,青城山
b_Qichun_Qizhou,蕲春
b_Qianyang,汧阳
b_Qianwei,犍为
b_Qianhua,虔化
b_QiancuiDaibo_Arxa,欠对贷勃
b_Pyongyang,平壤
b_pyongsong,平城
b_PuzhouAnyue,安岳
b_Puzhou_Juancheng,鄄城
b_Puzhou,蒲州
b_Puyulu,蒲与
b_Puyang,濮阳
b_Puxian,蒲
b_Putian,莆田
b_Puqi,蒲圻
b_Puningzhou_Lingzhou,普宁
b_Pujinguan,蒲津关
b_Powo,婆莴
b_Pouali,剖阿里
b_Port_Soviet,苏维埃港
b_Polan_Libo_Laozhou,荔波
b_Pixian,郫
b_Pingyuan,平原
b_Pingyi,平夷
b_Pingyao,平遥
b_Pingshu,平舒
b_Pingliang,平凉
b_Pibeihe,皮被河
b_Pennuli_Tunhe,盆奴里
b_Pengzhou_Dayin,大寅
b_Pengzhou,彭州
b_Pengze,彭泽
b_Pengyuan,彭原
b_Pengshui_Qianzhou,彭水
b_Pengnvshan,彭女山
b_Pengluzhou,蓬鲁
b_Penghu,澎湖
b_Panti,盘堤
b_Pafu_Phrae,帕府
b_Oriauturs,月良兀秃剌思
b_Ordos,鄂尔多斯
b_Olimi,奥里米
b_Okjeo_Wojo_Nanhaifu,沃沮
b_Nyongbyon,宁边
b_Nvwashan,女娲山
b_Nvwang_Nanben_ChiangMai,南奔
b_Nurgan_Gilime,奴儿干
b_Nuozhenshui,诺真水
b_Nongdong,弄栋
b_Nixizhen,泥溪
b_Niur,牛尔河
b_NintynineSpring,九十九泉
b_Ningzhoudingan,定安
b_NingzhouAnyuanfu,安远
b_Ningzhou_Ledeshan,宁州
b_Ningshuo,宁朔
b_Ningping,宁平
b_Ningguo_Xuanzhou,宁国
b_Niaotan_Kailu,袅潭
b_Nertschin,尼布楚
b_Nemor_ShiweiKing,讷谟尔
b_Neixiang,内乡
b_Neijiang,内江
b_Nebeizhi,讷北支
b_Nartushtu,纳剌突矢图
b_Napo,那坡
b_Nanyang,南阳
b_Nanxiongzhou_Baochang,南雄
b_Nanta_Huishai,南塔
b_Nansuzhou_Xianzhou,仙州
b_Nanpingzhou_Dujinzhou,都金
b_Nanpi_Dongguang,南皮
b_nanliuqiu,南琉虬
b_nanhanseong,南汉山
b_Nangong_Jingcheng,南宫
b_Nanfu,难府
b_Nanfeng_TaipingSilver,南丰
b_Nanenzhou_Yangjiang,南恩州
b_Nanchuan_Sanxi,南川
b_Nancheng_Jianchangjun,建昌
b_Nanbu,南部
b_Nanbin_Lingshan,南宾
b_Nanbang_Lampang,南邦
b_Nanan_Baizhang,龙南
b_namwon,南原
b_Nali_Jinshan,那礼
b_naju,武珍州
b_Naiyan,乃延
b_Muzhouhuinong,会农
b_Muzhou_Pengku,蓬苦
b_Muzhou_Jiande,建德
b_Muze_Sifuguan,目则
b_Mulingguan_Yishui,穆陵关
b_Muli,木里
b_MulengRiver,穆棱
b_Mudizhou,木底
b_MuangThaeng_Dianbianfu,勐唐
b_Mozhou,莫州
b_Moulanggong,牟郎共
b_Momidianbu,磨弥殿
b_Mogeshi,谟葛失
b_Mizhou_Zhucheng,诸城
b_Minzhouyile,溢乐
b_Minuo_River,弥诺
b_MingzhouYongnian,永年
b_Mingzhou,鄮
b_Mingsha,鸣沙
b_Minganlun,明安伦
b_Miluoshui,汨罗
b_Milebu,弥勒
b_MiEchuan,米娥川
b_MidSurrended,中受降城
b_Mianzhu,绵竹
b_Mianzhou_Hanyang,汉阳
b_Mianzhou_Baxi,巴西
b_Mianyang_Fuzhou,沔阳
b_Mianshang,绵上
b_Mianchi,渑池
b_Menzhou_Liangzhou,门州
b_Menpanbu_Lulubu,闷畔
b_Mengshe_TianlongTemple,蒙舍
b_Mengmenguan,孟门关
b_Mengmadian_Mengpengbu,蒙彭
b_Menglian,芒天连
b_Menglao_LuangPrabang,勐老
b_Mengjin_Boyacang,孟津
b_Mengjiao_Muken,勐交
b_Menggu_Sangnu,孟骨
b_Menggong_Anxi_Huposhan,琥珀山
b_Mengdangdian_Tangmobu,棠魔
b_Mengcheng_Shansang,蒙城
b_Meizhou_MeituoLake,湄州
b_Meizhou_Chengxiang,程乡
b_Meizhou,眉州
b_Meixian,郿
b_Meixi_Minqing,梅溪
b_Meigu_Fengpibu_Shamabu,沙麻
b_Mapan_longzhou,马盘
b_Maoshan,茅山
b_Mangnai_Jinglong,景眬
b_Manglai_Hulusutaichahan,莽来
b_Mangke_Laos,芒苛
b_Mangbubu,芒布
b_MailikaiRiver,迈立开
b_Maguan_Malipo,马关
b_LuzhouShanlu,杉卢
b_Luzhou_Wulei,乌雷
b_Luzhou_Hefei,合肥
b_Luzhou,泸州
b_Luxi,卢溪
b_Lushi,卢氏
b_Luoyang,洛阳
b_LuoyanDangma,罗岩
b_Luotuogang,骆驼港
b_Luotan,落坦
b_Luonan,蓝关
b_Luolong_Wuqin,罗龙
b_Luofuzhou_Haiwan,罗伏
b_Lulong_Pingzhou,卢龙
b_Luling_Jizhou,庐陵
b_Lujiang,庐江
b_Luhun,陆浑
b_Ludan_Shaciguan,路
b_Lucheng_Qianningjun,鲁城
b_LuanzhouYifeng_Liuchengjun,滦州
b_Luanshan_Laos,銮山
b_Luanheyuan,滦源
b_Loufanguan,楼烦关
b_Longzhouqianyuan,汧源
b_Longzhou_jiangyou,江油
b_Longyuanfu,龙原
b_Longyang,龙阳
b_Longxi_Zhangzhou,龙溪
b_Longshui_Wenquan,温泉
b_Longsheng_Sanjiang,龙胜
b_Longshanguan,陇山关
b_Longshan_Xizhou,龙山
b_Longquanfu_Yongning,龙泉
b_LongmenCave,龙门
b_Longmen_Wangyun,龙门
b_Longmen,龙门
b_Longhuiguan,龙回关
b_Longhua,龙化
b_Longgoubao,龙沟堡
b_Longchuan_Xunzhou,龙川
b_Longcheng_longyou,陇城
b_Longbiao_Wuzhou,龙标
b_Longbian_Pingdao,龙编
b_Lizhou_Miangu,绵谷
b_Lizhou_Hanyuan,汉源
b_Liyang_Weixian,黎阳
b_Liyang_Lizhou,澧阳
b_Liuzhou,马平
b_Liuyang,浏阳
b_Liuhe,六合
b_LiuchengYingzhou,柳城
b_Lishui_Xunchuandachuan,寻传大川
b_Lishui_Liyang,溧水
b_Lishi,离石
b_Lishanuan_Yingshan,黄岘关
b_Lirun_Mengla,利润
b_Liquan,醴泉
b_Linzi,临淄
b_Linzhou,麟州
b_Linzhen,临真
b_Linyou,麟游
b_Linqu_Qingzhou,临朐
b_Linqiong,临邛
b_Linlv,林虑
b_Linjing,临泾
b_Linji,临济
b_Lingzhou_Renshou,仁寿
b_Lingyin,灵隐
b_Lingshou_Xingtang,灵寿
b_Lingshi,灵石
b_Lingqiu,灵丘
b_Linfen,临汾
b_Linan_Shijing,临安
b_Liling,醴陵
b_Lichuan,利川
b_LiaoZuzhou,祖州
b_Liaoxizhou_Changqing,长庆
b_Liaoshan,辽山
b_Liaobin_Huaiyuan,辽滨
b_Lianzhou_Hepu,合浦
b_Lianzhou_Guiyang,桂阳
b_Lianshui,涟水
b_Lianshan,连山
b_Liangzhou_Huangzhou,亮州
b_Liangyuan,良原
b_Liangu,连谷
b_Liangshanpo_Yuncheng,梁山泊
b_Liangshan_Dianjiang,垫江
b_Liangdang,两当
b_Lexiang,乐乡
b_Leizhou_Haikang,海康
b_Leiyang,耒阳
b_Leichi_Susong_Wangjiang,雷池
b_Lashu,腊戍
b_Laos_Baogu,僚子
b_Lanzhou,兰州
b_Lanxi,兰溪
b_Lantian,蓝田
b_Lanrhaelun,朗尔哈鄂伦
b_Lanna_Qinglai,兰那
b_Langzhong,阆中
b_Langxi,朗溪
b_Langu,岚谷
b_Langshan_Jinhe,狼山
b_Langshan_Hudouzhou,狼山
b_Langmangzhou_Jiayongbu,贾勇步
b_Langkai_Laos,廊开
b_Lanfengrong_Lincang,凤蓝茸
b_Lanchi,兰池
b_LalinRiver,剌离
b_Laizhou_Donglai,东莱
b_Laiwu,莱芜
b_Laifeng_Xianfeng,来凤
b_Kuyeganpo,库也干
b_KuviehSough,南骨嵬
b_KuviehNorth,北骨嵬
b_KuviehEast,东骨嵬
b_Kuozhou_Kuocang,括苍
b_Kukucher,库库车尔
b_Kuizhou_Fengjie,白帝城
b_Kuangcheng_Yanjin,延津
b_Kongtongshan,崆峒山
b_kimhae,金官
b_Khumarkhan,乞沐儿合
b_Khedun,河董城
b_kenuo,珂诺
b_Kenta_Fumianshan,富棉山
b_Kebu_Ningnan,科部
b_Karat,哈老徒
b_Karanjanshato,合兰真沙陀
b_Kanqia,坎恰
b_Kangzhou_Duanxi,端溪
b_kangnung,江陵
b_kanggye,熙川
b_Kaizhou_Shengshan,盛山
b_Kaiguang,开光
b_Kaifeng_Bianzhou,开封
b_kaeseong,开城
b_Juzhou_Guizhou,矩州
b_Juxian_Langya,莒
b_Jurgtu,租里格图
b_Jumgu,巨母古
b_Julu,巨鹿
b_Joba,巴彦图门
b_Jizhou_Xindu,信都
b_Jizhou_Nanjiang,难江
b_Jiuhuashan,九华山
b_Jishan,稷山
b_Jinzhou_Xicheng,西城
b_Jinzhou_Luyang,卢阳
b_Jinxiang_Fangyu,方与
b_Jinwei_Balitunalan,八里屯阿懒
b_Jinming,金明
b_Jinlongzhou_Guangyuanzhou,金龙
b_jinju,菁州
b_Jinhua_Wuzhou,金华
b_Jinheshan,金河山
b_Jingyang,泾阳
b_Jingxing,井陉
b_Jingxian_Youzhou,泾
b_Jingshan_Yingzhou,京山
b_Jingnan_Jiangan,泾南
b_Jingling_Tianmen,竟陵
b_Jingle,静乐
b_Jinghai,鲸海
b_Jinggu,景谷
b_Jingbianjun,靖边军
b_Jingbian_Liao,静边
b_Jincheng_Yanzhou,金城
b_Jinbaocheng_Moulang,牟郎
b_Jimo_Laoshan,即墨
b_Jiluzhou_Xijie,鸡鹿
b_Jilizhou,积利
b_Jiexiu,介休
b_Jieting,街亭
b_Jieshi_Changli,碣石
b_Jichang,吉昌
b_JiazhouLongyou,龙游
b_Jiaxing_Haiyan,嘉兴
b_Jiaxian,郏
b_Jiaozhi_Songping,宋平
b_Jiaoshan_Jiaozhou,椒山
b_Jiaomai_Mitange,叫脉
b_Jiaoling,蕉岭
b_Jiaocheng,交城
b_Jianzhouyangan,阳安
b_Jianzhou_Jianou,建安
b_Jianzhou_Dongning,建州
b_Jianshui_Nanchangguan,建水
b_Jianli,监利
b_Jiangzhou_Kaili,姜州
b_Jiangyin_Junshan,江阴
b_Jiangxian,绛
b_Jiangxia_Ezhou,江夏
b_Jiangning_Jianye,江宁
b_Jiangling_Jingzhou,江陵
b_Jiangjin,江津
b_Jianghua_Mengzhuqiao,萌渚峤
b_Jiange,剑阁
b_Jianchuan_Ningbei,剑川
b_Jianchang_Yongxiu,建昌
b_Jianchang_Sanfucheng,建昌
b_Jiananzhou,建安
b_Jiamengguan,葭萌关
b_Jiachuan_Qiping,嘉川
b_Imu,伊穆
b_iksan,金马渚
b_hwangju,松林
b_Huzhou_Wucheng,乌程
b_Huyangu,呼延谷
b_HuxieRiver,呼歇
b_Hutushan,狐突山
b_Huoyi,霍邑
b_HuolahunRiver,活剌浑
b_Huntong_Ningjiangzhou,混同
b_HunRiver,浑河
b_Humar,呼玛
b_Hukou_Duchang,都昌
b_Huizhou_Guishan,归善
b_Huining,会宁
b_Huime_Qiubei,惠么
b_Huihe_Huangbailing,惠和
b_Huichun_laos,回春
b_Huichuan_Huili,会川
b_Huibacheng,回跋
b_Huhanhai_Mohechi,忽汗海
b_Huazhou_Shilong,石龙
b_Huazhou_Baima,白马
b_Huazhou,华州
b_Huayin,华阴
b_Huating_Kunshan,华亭
b_Huating,华亭
b_Huashan,华山
b_Huarong,华容
b_HuanzhouJiude,九德
b_Huanzhou_Zhengping,正平
b_Huangzhou_Huanggang,黄冈
b_Huangyan,黄岩
b_Huangpi,黄陂
b_Huangmei,黄梅
b_Huanglongfu,黄龙
b_Huanglian_Jiulongxi,黄连
b_Huanchun_Chunan,还淳
b_Huaiyin_Chuzhou,淮阴
b_Huairou,怀柔
b_Huairen,怀仁
b_Huaiji_Sihui,怀集
b_Huachi,华池
b_Houzhou_Lunzhou,侯州
b_Horhnajubur,豁儿豁纳主不儿
b_honin,羊城
b_Hongzhou_Yuzhang,豫章
b_Hongya,洪雅
b_Hongxian_Xiaqiu,夏丘
b_Hongtong,洪洞
b_Hongnong_Guozhou,弘农
b_Hongfusi,弘福
b_Holuhotom,火鲁火
b_HolonNor,俱伦泊
b_Hezhou_Wujiang,历阳
b_Hezhou_Shijing,石镜
b_Hezhou_longyou,河州
b_Hezhou_Linhe,临贺
b_Hezhou_Hailong,海龙
b_Heyuan,河源
b_Heyangjun_Wenfuzhou,河阳
b_Heyang,河阳
b_Hesuguan_Hesqan,曷苏馆
b_Heshenggucheng,纥升骨
b_Hequ,火山军
b_Heqingjun,河清军
b_Hepuchuan_Mojiang,河普川
b_HengzhouZhending,真定
b_Hengzhou_Ningpu,宁浦
b_Hengyang_Hengzhou,衡阳
b_Hengshui,衡水
b_Hengshan_Xiangtan,衡山
b_Hengshan,恒山
b_Henei_Huaizhou,河内
b_Hemanbu_Tengtiao,和蛮
b_Helibint,合里宾忒
b_HelaRiver,曷剌
b_Helan_Yiligu,曷懒
b_Hejiang_Wanshou,合江
b_Hehe,合河
b_Hefeng,鹤峰
b_Hechi_Shukunzhou,述昆
b_Hebin,河滨
b_Harstinnsom,海拉斯廷索木
b_Haozhou_Zhongli_Fengyang,钟离
b_Hanzhou_Luoxian,雒
b_HanzhongNanzheng,南郑
b_Hanyin,汉阴
b_Hangzhou_Qiantang,钱塘
b_Handan,邯郸
b_Hancheng,韩城
b_haman,咸安
b_Haizhou_Qushan,朐山
b_Hailing,海陵
b_Hailin,海林
b_Hailar,海剌儿
b_Haifeng,海丰
b_haeju,海州
b_HaeinsaTemple,海印
b_gyeogju,良州
b_Guzhu_Juyongguan,居庸关
b_Gutaoguan,故桃关
b_Guozhou_Nanchong,南充
b_Guoxian,崞
b_GuizhouHuairong_Kehanzhou,怀戎
b_Guiyang_Pingyang,平阳
b_Guilin,桂林
b_Gucheng,谷城
b_Guanyang_Quanzhou,湘源
b_Guantao,馆陶
b_Guanling_Luodian,罗殿
b_Guangzhou_Nanhai,南海
b_Guangzhou_Dingcheng,定城
b_Guangjihu_Dayanli,广济湖
b_Guangde_Suian,广德
b_Guangdang,广荡
b_GreenTomb,青冢
b_Gourong,句容
b_Goupo,狗泊
b_goryeong,大迦耶
b_Gongzhou_Manzhou,功州
b_gongju_buyeo_sibi,泗沘
b_Gongcheng_Sumenshan,共城
b_Gongan,公安
b_Geya,结雅
b_GenRiver_Kulerwend,犍河
b_GayaRiver,噶呀
b_Gaozhou_Dianbai,亮德
b_Gaoyou,高邮
b_Gaotang,高唐
b_Gaomi_Yiancheng,高密
b_Gaomenguan_Changshui,长水
b_Gaoan,高安
b_Ganxian_Qianzhou,赣
b_Gantangzhou,甘棠
b_GanRiver_Yujue,甘河
b_ganghwa,江华
b_Gaimouzhou,盖牟
b_FuzhouLuojiao,洛交
b_Fuzhou_tongchang,同昌
b_Fuzhou_Linchuan,临川
b_Fuzhou_Liao,福州
b_Fuzhou_Changle,长乐
b_Fuyufu_Tongzhou,扶余
b_Fuyang,富阳
b_Fushuizhou_Duopeng,抚水
b_Fuqiang,伏羌
b_Fuping,富平
b_Funing,抚宁
b_Fumin,富民
b_Fuluzhou_Xinchang,福禄
b_Fulu,伏陆
b_Fuling,涪陵
b_Fuliang,浮梁
b_Fuli_Suzhou,符离
b_Fugu,府谷
b_Fuchengguan,府城关
b_Fucheng_qin,鄜城
b_Fucheng,涪城
b_Fengzhouliangquan,梁泉
b_Fengzhou_Fengchuan,封川
b_Fengxiang,凤翔
b_Fenglingguan,风陵关
b_Fengli,丰利
b_Fenghuanggu,凤凰谷
b_Fenghua,奉化
b_Fengdu,丰都
b_Fengcheng_Hongzhou,丰城
b_Feizhou_Sinan,费州
b_Feixian_Fengxian,沛
b_Feihudao,飞狐
b_Fanshi,繁峙
b_Fangzhouzhongbu,中部
b_Fangshanguan,方山关
b_Fangqu,方渠
b_Fangling,房陵
b_Fangcheng,方城
b_Fancheng,樊城
b_Ezhuntianguan_Nuodan,诺
b_Ersu,乌素固
b_Erguna,望建
b_Enshi_Qingjiang,恩施
b_Enan,斡难
b_Emur,额穆尔
b_Emeishan,峨眉
b_EastSurrended,东受降城
b_Duoquanzi,多泉子
b_Dunen_Tumen,钝恩
b_Dulizhen,都里
b_Duanzhou_Gaoyao,高要
b_Duanshi,端氏
b_DongJialiangzhou,东嘉梁
b_Donghai_Gedadong,洞海
b_Dongguan,东莞
b_DongE,东阿
b_Dobher,多博和儿
b_dizhouYanci,厌次
b_DingzhouAnxi,安喜
b_Dingxiang,定襄
b_Dinglifu,定理
b_Didao,狄道
b_Dezhou_Ande,安德
b_Deyang,德阳
b_Derompant,跌里温盘陀
b_Deqing_Wukang,德清
b_Dengzhou_Penglai,蓬莱
b_Dengzhou,穰
b_DazuChangyuan,大足
b_Dayu_Nananjun,大庾
b_Dayong,大庸
b_Daxing_Pozhuocheng,泊汋
b_Datongchuan,大同川
b_Datong,大同
b_Dashuipo_Sadenniao,撒得袅
b_Dasanguan,大散关
b_Daocheng_Shuiluo,稻城
b_Danzhouyichuan,宜川
b_Danzhou_Yilun,儋州
b_Dantu_Runzhou,丹徒
b_danluo,耽罗
b_Daning,马斗关
b_Dangyang,当阳
b_Dangtu_Wuhu,当涂
b_Dangshan,砀山
b_Dalugucheng,达卢古
b_dalseong,达伐
b_Dalixian_Ningyuan,雷石
b_Dali_Yangjumie,阳苴咩
b_Dalaiblak,达赉布拉克
b_Dahur,达呼尔
b_Dadu,大渡
b_Dabin,大斌
b_congshiting,丛石亭
b_CizhouFuyang,滏阳
b_Chuzhou_Qingliu,清流
b_Chuxian,樗
b_Chuqiu,楚丘
b_chunju,忠州
b_Chungu,鹑觚
b_chunchon,春川
b_Chuhedian_Nelanagu_Zhaozhou,涅剌奴古
b_Chorna,鞠那
b_chonju,全州
b_Chongzhou_Shiqian,充州
b_chongju,清州
b_Chiyang_Lushan,鲁山
b_Chiya,奇雅
b_Chirkh,勤勒豁
b_cheorwon,铁原
b_Chenzhou_Wanqiu,宛丘
b_Chenzhou_Chenxian,郴
b_Chenxi,辰溪
b_Chenliu,陈留
b_Chengzhoushanglu,上禄
b_Chengyi_Uttaradit,程逸
b_Chengwei,城嵬
b_Chengping,城平
b_Chengjiedan,成偈
b_Chengji,成纪
b_Chenggu,城固
b_Chengdu,成都
b_Chencangxiadao,陇坻道
b_Chencang,陈仓
b_chechon,堤川
b_Chaozhou_Haiyang,海阳
b_Chaoyang_Swatow,潮阳
b_Chaoxian,巢
b_Chaosu,昭苏
b_Chanyufu,单于府
b_ChanmouRiver,谗谋
b_Changzhou_Jinling,晋陵
b_Changze,长泽
b_Changxi_Xiapu,长溪
b_changwon,昌原
b_Changshu,常熟
b_Changshou_Zhongxiang,长寿
b_Changsha_Tanzhou,长沙
b_Changqing,长清
b_Changpingguan,长平关
b_Changmen_Jingmen,荆门
b_Changling,长岭
b_Changle,昌乐
b_ChangdaoLongshan,常道
b_Changdao,长道
b_Changchunzhou_Yellowhead,长春
b_Changbangcheng,长傍
b_ChangAn,长安
b_Chaling_Youxian,茶陵
b_Chagannor_South,查干淖尔
b_Caozhou_Jiyin,济阴
b_CangzhouQingchi,清池
b_BuyurLake,捕鱼儿海
b_Buri,步日
b_BurchCliff,不鲁吉崖
b_BozhouLiaocheng,聊城
b_Bozhou_Zunyi,播州
b_Bozhou_Qiaoxian,谯
b_Bozhou_Bohai,渤州
b_Boye_Gaoyang,博野
b_Borjia,孛只
b_Boli_Yueliji,勃利
b_Bohuandao,拨换
b_Bobai,博白
b_Bizhou_Nuoshui,诺水
b_Bixian,费
b_Binzhouxinping,新平
b_Binzhou_Lingfang,领方
b_Binhua,宾化
b_Binglingsi,炳灵
b_BijinRiver,比金
b_Bigud_BakuRiver,鳖古
b_Bigu,壁谷
b_BeizhouQinghe,清河
b_Beishacheng,卑沙
b_Beiping_Wangdu,望都
b_beiliuqiu,北琉虬
b_Beihai,北海
b_Bazhou_Damu,化城
b_Bayanterm,巴彦特勒木
b_Bashan,巴山
b_Baozhou_Huizhoue,白甫河
b_Baoxiedao,褒斜道
b_Baosai_Taideng,台登
b_Baoding,宝鼎
b_Baodejun,保德军
b_Bama,巴马
b_Baling_Yuezhou,巴陵
b_Baiyanchi,白盐池
b_Baiyacheng,白崖
b_Baixiang,柏乡
b_Baishui,白水
b_Baiquan,百泉
b_Baimiaoshan,柏庙山
b_Baimaguan,白马关
b_Baimachuan,白马川
b_Bailaoguan,定军山
b_Bailangshan,白狼山
b_Baideng,白登
b_Badong,巴东
b_Apangbu,阿旁
b_Anzhou_laos,安州
b_Anzhou_Anlu,安陆
b_Anyi,安邑
b_AntuhunRiver,暗土浑
b_anton,安东
b_Anshicheng,安市
b_Anning_Longhe,安宁
b_Anling,安陵
b_Anlechuan,安乐川
b_Ankang,安康
b_anju,安州
b_Anju,安居
b_Anhua_Yizhoulongshui,龙水
b_Angu,安固
b_Anfeng_Shaopi,芍陂
b_Anfeng_Changbaishan,安丰
b_Anding,安定
b_Anchuhu_Wanyan,按出虎
b_Anbianfu_Orga,安边
b_Anbian,安边
b_Amyid,昂衣得
b_AmgonRiver,阿姆贡
b_Amazar,阿马扎尔
b_amami,奄美
b_AlimintRiver,阿里民忒
b_AizhouJiuzhen,九真
